{
	"shelves": {
		"1": {
			"id": 1,
			"position": [0, 0.13486, -0.11],
			"size": [1.068, 0.35, 0.296]
		},
		"2": {
			"id": 2,
			"position": [0, 0.51487, -0.11],
			"size": [1.068, 0.367, 0.296]
		},
		"3": {
			"id": 3,
			"position": [0, 0.913, -0.11],
			"size": [1.068, 0.35, 0.296]
		},
		"4": {
			"id": 4,
			"position": [0, 1.313, -0.11],
			"size": [1.068, 0.35, 0.296]
		},
		"5": {
			"id": 5,
			"position": [0, 1.71488, -0.11],
			"size": [1.068, 0.354, 0.296]
		}
	}
}
